<!-- Human shaped skeleton for testing purpose-->

<bone name="Root" offset="0,0,0" weight="0.05">
    <!-- Lower left side-->
    <bone name="LHip" offset="-1,0,0" weight="0">
        <bone name="LKnee" offset="0,-4,0">
            <bone name="LAnkle" offset="0,-3,0" weight="0.1">
                <bone name="LFoot" offset="0,0,1" weight="0.1"/>
            </bone>
        </bone>
    </bone>
    
    <!-- Lower Right side-->
    <bone name="RHip" offset="1,0,0" weight="0">
        <bone name="RKnee" offset="0,-4,0">
            <bone name="RAnkle" offset="0,-3,0" weight="0.1">
                <bone name="RFoot" offset="0,0,1" weight="0.1"/>
            </bone>
        </bone>
    </bone>
    
    <!-- Upper body-->
    <bone name="LowerSpine" offset="0,2.5,0" weight="0.5">
        <bone name="UpperSpine" offset="0,1.5,0" weight="0.0">
            <!-- Left Arm-->
            <bone name="LShoulder" offset="-1.2,0,0" weight="0.1">
                <bone name="LElbow" offset="-1.5,0,0" weight="0.1">
                    <bone name="LWrist" offset="-1.3,0,0" weight="0.1">
                        <bone name="LHand" offset="-0.3,0,0" weight="0.1"/>
                    </bone>
                </bone>
            </bone>
            <!-- Right Arm-->
            <bone name="RShoulder" offset="1.2,0,0" weight="0.1">
                <bone name="RElbow" offset="1.5,0,0" weight="0.1">
                    <bone name="RWrist" offset="1.3,0,0" weight="0.1">
                        <bone name="RHand" offset="0.3,0,0" weight="0.1"/>
                    </bone>
                </bone>
            </bone>
            <!-- Neck/Head-->
            <bone name="Neck" offset="0,1,0" weight="0.0">
                <bone name="Neck2" offset="0,1,0" weight="0.05">
                    <bone name="HeadNode" offset="0,0,0" weight="0.4"/>
                </bone>
            </bone>
        </bone>
    </bone>
</bone>
